sleeper_id,player_name,team,position,projected_points,injury_status,fppg,week,timestamp
2212,Josh Allen,,G,22.5,,,,2025-11-17T21:44:03.145147
4984,Josh Allen,BUF,QB,22.5,,,,2025-11-17T21:44:03.145147
11564,Drake Maye,NE,QB,22.3,,,,2025-11-17T21:44:03.145218
6904,Jalen Hurts,PHI,QB,21.2,,,,2025-11-17T21:44:03.145266
4881,Lamar Jackson,BAL,QB,20.4,,,,2025-11-17T21:44:03.145312
6994,Lamar Jackson,,CB,20.4,,,,2025-11-17T21:44:03.145312
6797,Justin Herbert,LAC,QB,20.3,,,,2025-11-17T21:44:03.145357
4046,Patrick Mahomes,KC,QB,19.3,,,,2025-11-17T21:44:03.145400
3294,Dak Prescott,DAL,QB,18.7,,,,2025-11-17T21:44:03.145447
8183,Brock Purdy,SF,QB,18.5,,,,2025-11-17T21:44:03.145492
2307,Marcus Mariota,WAS,QB,18.1,Questionable,,,2025-11-17T21:44:03.145538
11560,Caleb Williams,CHI,QB,17.9,,,,2025-11-17T21:44:03.145580
96,Aaron Rodgers,PIT,QB,17.7,Questionable,,,2025-11-17T21:44:03.145622
421,Matthew Stafford,LAR,QB,17.7,,,,2025-11-17T21:44:03.145678
11565,J.J. McCarthy,MIN,QB,17.6,,,,2025-11-17T21:44:03.145721
4892,Baker Mayfield,TB,QB,17.5,,,,2025-11-17T21:44:03.145761
6804,Jordan Love,GB,QB,17.1,Questionable,,,2025-11-17T21:44:03.145802
11563,Bo Nix,DEN,QB,17.0,,,,2025-11-17T21:44:03.145841
3257,Jacoby Brissett,ARI,QB,16.7,,,,2025-11-17T21:44:03.145886
3163,Jared Goff,DET,QB,16.4,,,,2025-11-17T21:44:03.145926
6768,Tua Tagovailoa,MIA,QB,16.2,,,,2025-11-17T21:44:03.145965
1373,Geno Smith,LV,QB,16.1,,,,2025-11-17T21:44:03.146006
19,Joe Flacco,CIN,QB,16.1,,,,2025-11-17T21:44:03.146044
4943,Sam Darnold,SEA,QB,15.8,,,,2025-11-17T21:44:03.146084
7523,Trevor Lawrence,JAX,QB,15.5,,,,2025-11-17T21:44:03.146125
11559,Michael Penix,ATL,QB,15.2,Questionable,,,2025-11-17T21:44:03.146164
7585,Davis Mills,HOU,QB,14.9,,,,2025-11-17T21:44:03.146203
7591,Justin Fields,NYJ,QB,14.6,,,,2025-11-17T21:44:03.146244
2306,Jameis Winston,NYG,QB,13.7,,,,2025-11-17T21:44:03.146284
9228,Bryce Young,CAR,QB,12.9,Questionable,,,2025-11-17T21:44:03.146327
12486,Dillon Gabriel,CLE,QB,12.7,Out,,,2025-11-17T21:44:03.146371
12522,Cam Ward,TEN,QB,10.8,,,,2025-11-17T21:44:03.146410
827,Tyrod Taylor,NYJ,QB,1.0,,,,2025-11-17T21:44:03.146448
12705,Graham Mertz,HOU,QB,0.7,,,,2025-11-17T21:44:03.146488
4179,Joshua Dobbs,NE,QB,0.5,,,,2025-11-17T21:44:03.146540
7527,Mac Jones,SF,QB,0.5,,,,2025-11-17T21:44:03.146579
7538,Zach Wilson,MIA,QB,0.5,,,,2025-11-17T21:44:03.146618
3976,Mitchell Trubisky,BUF,QB,0.5,,,,2025-11-17T21:44:03.146656
8161,Malik Willis,GB,QB,0.5,,,,2025-11-17T21:44:03.146694
1166,Kirk Cousins,ATL,QB,0.5,,,,2025-11-17T21:44:03.146734
8160,Kenny Pickett,LV,QB,0.4,,,,2025-11-17T21:44:03.146773
4972,Mason Rudolph,PIT,QB,0.4,,,,2025-11-17T21:44:03.146812
5854,Drew Lock,SEA,QB,0.4,,,,2025-11-17T21:44:03.146850
11256,Tyson Bagent,CHI,QB,0.4,,,,2025-11-17T21:44:03.146889
11557,Joe Milton,DAL,QB,0.4,,,,2025-11-17T21:44:03.146927
6011,Gardner Minshew,KC,QB,0.4,,,,2025-11-17T21:44:03.146967
7083,Tyler Huntley,BAL,QB,0.4,,,,2025-11-17T21:44:03.147005
6111,Jake Browning,CIN,QB,0.4,,,,2025-11-17T21:44:03.147045
4464,Nick Mullens,JAX,QB,0.4,,,,2025-11-17T21:44:03.147083
1837,Jimmy Garoppolo,LAR,QB,0.4,,,,2025-11-17T21:44:03.147125
1234,Russell Wilson,NYG,QB,0.4,,,,2025-11-17T21:44:03.147164
6136,Jarrett Stidham,DEN,QB,0.4,,,,2025-11-17T21:44:03.147204
12775,Max Brosmer,MIN,QB,0.4,,,,2025-11-17T21:44:03.147243
9230,Tanner McKee,PHI,QB,0.4,,,,2025-11-17T21:44:03.147282
829,Andy Dalton,CAR,QB,0.3,,,,2025-11-17T21:44:03.147321
11648,Kedon Slovis,ARI,QB,0.3,,,,2025-11-17T21:44:03.147362
260,Josh Johnson,WAS,QB,0.3,,,,2025-11-17T21:44:03.147399
8051,Josh Johnson,,RB,0.3,Questionable,,,2025-11-17T21:44:03.147399
8222,Josh Johnson,,WR,0.3,,,,2025-11-17T21:44:03.147399
1625,Josh Johnson,,CB,0.3,,,,2025-11-17T21:44:03.147399
7610,Trey Lance,LAC,QB,0.3,,,,2025-11-17T21:44:03.147439
3357,Brandon Allen,TEN,QB,0.2,,,,2025-11-17T21:44:03.147478
12524,Shedeur Sanders,CLE,QB,0.1,,,,2025-11-17T21:44:03.147518
2152,Teddy Bridgewater,TB,QB,0.1,,,,2025-11-17T21:44:03.147560
5127,Kyle Allen,DET,QB,0.1,,,,2025-11-17T21:44:03.147598
6770,Joe Burrow,CIN,QB,0.0,IR,,,2025-11-17T21:44:03.147636
9226,De'Von Achane,MIA,RB,18.8,,,,2025-11-17T21:44:05.083816
4034,Christian McCaffrey,SF,RB,18.4,,,,2025-11-17T21:44:05.083875
5850,Josh Jacobs,GB,RB,17.0,Out,,,2025-11-17T21:44:05.083916
9509,Bijan Robinson,ATL,RB,15.7,,,,2025-11-17T21:44:05.083955
8138,James Cook,BUF,RB,15.2,,,,2025-11-17T21:44:05.083993
7021,Rico Dowdle,CAR,RB,14.3,,,,2025-11-17T21:44:05.084031
9221,Jahmyr Gibbs,DET,RB,14.2,,,,2025-11-17T21:44:05.084069
12527,Ashton Jeanty,LV,RB,14.1,,,,2025-11-17T21:44:05.084111
8228,Jaylen Warren,PIT,RB,13.6,Questionable,,,2025-11-17T21:44:05.084149
7588,Javonte Williams,DAL,RB,13.4,,,,2025-11-17T21:44:05.084191
4866,Saquon Barkley,PHI,RB,13.3,,,,2025-11-17T21:44:05.084229
12529,TreVeyon Henderson,NE,RB,13.2,,,,2025-11-17T21:44:05.084267
3198,Derrick Henry,BAL,RB,12.7,,,,2025-11-17T21:44:05.084303
7543,Travis Etienne,JAX,RB,11.9,,,,2025-11-17T21:44:05.084644
11647,Kimani Vidal,LAC,RB,11.7,Questionable,,,2025-11-17T21:44:05.084684
8150,Kyren Williams,LAR,RB,11.5,,,,2025-11-17T21:44:05.084729
12512,Quinshon Judkins,CLE,RB,11.2,,,,2025-11-17T21:44:05.084767
9224,Chase Brown,CIN,RB,11.1,,,,2025-11-17T21:44:05.084805
8155,Breece Hall,NYJ,RB,11.0,,,,2025-11-17T21:44:05.084842
12474,Woody Marks,HOU,RB,10.7,,,,2025-11-17T21:44:05.084879
6790,D'Andre Swift,CHI,RB,10.4,,,,2025-11-17T21:44:05.084917
12489,RJ Harvey,DEN,RB,10.2,,,,2025-11-17T21:44:05.084955
8136,Rachaad White,TB,RB,9.6,,,,2025-11-17T21:44:05.084993
4199,Aaron Jones,MIN,RB,9.6,,,,2025-11-17T21:44:05.085036
4634,Kenneth Walker,,WR,8.7,,,,2025-11-17T21:44:05.085089
8151,Kenneth Walker,SEA,RB,8.7,,,,2025-11-17T21:44:05.085089
11655,Tyrone Tracy,NYG,RB,8.4,,,,2025-11-17T21:44:05.085131
4098,Kareem Hunt,KC,RB,8.2,,,,2025-11-17T21:44:05.085168
5892,David Montgomery,DET,RB,8.2,,,,2025-11-17T21:44:05.085207
11199,Emari Demercado,ARI,RB,7.7,Questionable,,,2025-11-17T21:44:05.085244
12533,Jacory Croskey-Merritt,WAS,RB,7.6,,,,2025-11-17T21:44:05.085282
9753,Zach Charbonnet,SEA,RB,7.6,,,,2025-11-17T21:44:05.085320
8122,Zonovan Knight,ARI,RB,7.4,,,,2025-11-17T21:44:05.085358
5967,Tony Pollard,TEN,RB,6.9,,,,2025-11-17T21:44:05.085395
9508,Tyjae Spears,TEN,RB,6.8,,,,2025-11-17T21:44:05.085433
8408,Jordan Mason,MIN,RB,6.8,,,,2025-11-17T21:44:05.085470
4988,Nick Chubb,HOU,RB,6.7,,,,2025-11-17T21:44:05.085508
8132,Tyler Allgeier,ATL,RB,6.6,,,,2025-11-17T21:44:05.085550
9506,Sean Tucker,TB,RB,6.6,,,,2025-11-17T21:44:05.085588
12534,Kyle Monangai,CHI,RB,6.5,,,,2025-11-17T21:44:05.085625
6130,Devin Singletary,NYG,RB,5.9,,,,2025-11-17T21:44:05.085662
10219,Chris Rodriguez,WAS,RB,5.8,,,,2025-11-17T21:44:05.085699
7567,Kenneth Gainwell,PIT,RB,5.6,,,,2025-11-17T21:44:05.085737
11586,Blake Corum,LAR,RB,4.8,,,,2025-11-17T21:44:05.085778
12412,Terrell Jennings,NE,RB,4.7,,,,2025-11-17T21:44:05.085816
12490,Bhayshul Tuten,JAX,RB,4.4,Questionable,,,2025-11-17T21:44:05.085857
11435,Emanuel Wilson,GB,RB,4.3,,,,2025-11-17T21:44:05.085894
7594,Chuba Hubbard,CAR,RB,4.2,,,,2025-11-17T21:44:05.085932
11571,Isaiah Davis,NYJ,RB,4.2,,,,2025-11-17T21:44:05.085969
4219,Jeremy McNichols,WAS,RB,4.0,,,,2025-11-17T21:44:05.086006
9511,Keaton Mitchell,BAL,RB,3.9,,,,2025-11-17T21:44:05.086043
8154,Brian Robinson,SF,RB,3.8,,,,2025-11-17T21:44:05.086081
12455,Brashard Smith,KC,RB,3.7,,,,2025-11-17T21:44:05.086119
2749,Raheem Mostert,LV,RB,3.3,,,,2025-11-17T21:44:05.086159
6039,Ty Johnson,BUF,RB,3.0,,,,2025-11-17T21:44:05.086196
7537,Jaret Patterson,LAC,RB,3.0,,,,2025-11-17T21:44:05.086235
11439,Jaleel McLaughlin,DEN,RB,2.9,,,,2025-11-17T21:44:05.086273
12495,Ollie Gordon,MIA,RB,2.8,,,,2025-11-17T21:44:05.086310
8143,Jerome Ford,CLE,RB,2.8,,,,2025-11-17T21:44:05.086348
8208,Tyler Badie,DEN,RB,2.5,,,,2025-11-17T21:44:05.086386
12457,Jaydon Blue,DAL,RB,2.4,,,,2025-11-17T21:44:05.086426
12543,Tahj Brooks,CIN,RB,2.3,,,,2025-11-17T21:44:05.086464
12469,Dylan Sampson,CLE,RB,2.3,,,,2025-11-17T21:44:05.086502
9225,Tank Bigsby,PHI,RB,1.9,,,,2025-11-17T21:44:05.086539
11643,Jaylen Wright,MIA,RB,1.9,,,,2025-11-17T21:44:05.086576
1379,Kyle Juszczyk,SF,FB,1.8,,,,2025-11-17T21:44:05.086618
11577,Will Shipley,PHI,RB,1.7,,,,2025-11-17T21:44:05.086657
6694,D'Ernest Johnson,NE,RB,1.6,,,,2025-11-17T21:44:05.086695
11575,Ray Davis,BUF,RB,1.6,,,,2025-11-17T21:44:05.086740
6820,Clyde Edwards-Helaire,KC,RB,1.4,,,,2025-11-17T21:44:05.086778
11649,Kendall Milton,CIN,RB,1.4,,,,2025-11-17T21:44:05.086816
2967,Kaleb Johnson,,G,1.3,,,,2025-11-17T21:44:05.086854
12504,Kaleb Johnson,PIT,RB,1.3,,,,2025-11-17T21:44:05.086854
12544,LeQuint Allen,JAX,RB,1.2,,,,2025-11-17T21:44:05.086891
12045,Jack Westover,NE,TE,1.1,,,,2025-11-17T21:44:05.086928
12048,George Holani,SEA,RB,1.1,,,,2025-11-17T21:44:05.086965
11384,Owen Wright,TB,RB,1.0,,,,2025-11-17T21:44:05.087007
11370,Chris Brooks,GB,RB,0.9,,,,2025-11-17T21:44:05.087045
11651,Isaac Guerendo,SF,RB,0.9,,,,2025-11-17T21:44:05.087083
11581,MarShawn Lloyd,GB,RB,0.9,IR,,,2025-11-17T21:44:05.087122
4718,Dare Ogunbowale,HOU,RB,0.8,,,,2025-11-17T21:44:05.087159
6144,Trayveon Williams,LAC,RB,0.7,,,,2025-11-17T21:44:05.087197
5000,Chase Edmonds,WAS,RB,0.7,,,,2025-11-17T21:44:05.087234
6323,Andrew Beck,NYJ,RB,0.7,,,,2025-11-17T21:44:05.087270
10235,Roschon Johnson,CHI,RB,0.7,,,,2025-11-17T21:44:05.087307
7607,Michael Carter,ARI,RB,0.7,,,,2025-11-17T21:44:05.087349
7835,Michael Carter,PHI,CB,0.7,,,,2025-11-17T21:44:05.087349
7561,Elijah Mitchell,KC,RB,0.6,,,,2025-11-17T21:44:05.087387
4844,Elijah Mitchell,,CB,0.6,,,,2025-11-17T21:44:05.087387
6109,Alec Ingold,MIA,FB,0.6,,,,2025-11-17T21:44:05.087425
8800,Malik Davis,DAL,RB,0.5,,,,2025-11-17T21:44:05.087466
4353,Patrick Ricard,BAL,FB,0.5,,,,2025-11-17T21:44:05.087503
12531,Trevor Etienne,CAR,RB,0.5,,,,2025-11-17T21:44:05.087540
11574,Dylan Laube,LV,RB,0.5,,,,2025-11-17T21:44:05.087577
11299,Zavier Scott,MIN,RB,0.4,,,,2025-11-17T21:44:05.087615
8139,Zamir White,LV,RB,0.4,,,,2025-11-17T21:44:05.087652
12171,British Brooks,HOU,RB,0.4,,,,2025-11-17T21:44:05.087690
8254,Julius Chestnut,TEN,RB,0.4,,,,2025-11-17T21:44:05.087728
8025,Adam Prentice,DEN,FB,0.4,,,,2025-11-17T21:44:05.087765
11510,Hunter Luepke,DAL,FB,0.4,,,,2025-11-17T21:44:05.087802
11570,Rasheen Ali,BAL,RB,0.4,,,,2025-11-17T21:44:05.087839
12516,Kalel Mullings,TEN,RB,0.3,IR,,,2025-11-17T21:44:05.087877
6202,Jakob Johnson,HOU,FB,0.2,,,,2025-11-17T21:44:05.087914
10994,Scott Matlock,LAC,DT,0.2,,,,2025-11-17T21:44:05.087952
3832,C.J. Ham,MIN,FB,0.2,,,,2025-11-17T21:44:05.087990
11729,Sione Vaki,DET,RB,0.1,,,,2025-11-17T21:44:05.088027
6012,Travis Homer,CHI,RB,0.0,,,,2025-11-17T21:44:05.088064
7204,Reggie Gilliam,BUF,RB,0.0,,,,2025-11-17T21:44:05.088105
10223,Eric Gray,NYG,RB,0.0,PUP,,,2025-11-17T21:44:05.088143
12507,Omarion Hampton,LAC,RB,0.0,IR,,,2025-11-17T21:44:05.088180
11589,Trey Benson,ARI,RB,0.0,IR,,,2025-11-17T21:44:05.088221
11576,Braelon Allen,NYJ,RB,0.0,IR,,,2025-11-17T21:44:05.088259
4018,Joe Mixon,HOU,RB,0.0,PUP,,,2025-11-17T21:44:05.088295
12897,Nathan Carter,ATL,RB,0.0,,,,2025-11-17T21:44:05.088337
8230,Ty Chandler,MIN,RB,0.0,IR,,,2025-11-17T21:44:05.088374
8123,Hassan Haskins,LAC,RB,0.0,IR,,,2025-11-17T21:44:05.088411
12656,Robbie Ouzts,SEA,RB,0.0,,,,2025-11-17T21:44:05.088449
12787,Josh Williams,TB,RB,0.0,Sus,,,2025-11-17T21:44:05.088487
2471,Michael Burton,DEN,FB,0.0,IR,,,2025-11-17T21:44:05.088524
7720,Kene Nwangwu,NYJ,RB,0.0,,,,2025-11-17T21:44:05.088561
8116,Pierre Strong,GB,RB,0.0,,,,2025-11-17T21:44:05.088598
6938,Cam Akers,MIN,RB,0.0,,,,2025-11-17T21:44:05.088635
6931,DeeJay Dallas,CAR,RB,0.0,,,,2025-11-17T21:44:05.088673
7087,Jonathan Ward,NE,RB,0.0,,,,2025-11-17T21:44:05.088710
7593,Trey Sermon,PIT,RB,0.0,,,,2025-11-17T21:44:05.088796
8423,Brittain Brown,CHI,RB,0.0,,,,2025-11-17T21:44:05.088880
9505,Deuce Vaughn,DEN,RB,0.0,,,,2025-11-17T21:44:05.088929
8194,Jashaun Corbin,NE,RB,0.0,Out,,,2025-11-17T21:44:05.088966
11773,Keilan Robinson,NYJ,RB,0.0,Out,,,2025-11-17T21:44:05.089001
11237,Jacob Saylors,DET,RB,0.0,,,,2025-11-17T21:44:05.089038
11582,Carson Steele,KC,RB,0.0,,,,2025-11-17T21:44:05.089073
8220,Sincere McCormick,SF,RB,0.0,,,,2025-11-17T21:44:05.089109
11186,Carlos Washington,ATL,RB,0.0,,,,2025-11-17T21:44:05.089145
12928,Amar Johnson,LAC,RB,0.0,,,,2025-11-17T21:44:05.089183
9488,Jaxon Smith-Njigba,SEA,WR,13.1,,,,2025-11-17T21:44:07.178749
7564,Ja'Marr Chase,CIN,WR,12.8,,,,2025-11-17T21:44:07.178820
9493,Puka Nacua,LAR,WR,12.6,,,,2025-11-17T21:44:07.178863
7547,Amon-Ra St. Brown,DET,WR,12.0,,,,2025-11-17T21:44:07.178904
6786,CeeDee Lamb,DAL,WR,11.9,,,,2025-11-17T21:44:07.178942
8112,Drake London,ATL,WR,11.7,Questionable,,,2025-11-17T21:44:07.178982
6794,Justin Jefferson,MIN,WR,11.2,,,,2025-11-17T21:44:07.179021
12514,Emeka Egbuka,TB,WR,11.1,,,,2025-11-17T21:44:07.179059
2133,Davante Adams,LAR,WR,10.6,,,,2025-11-17T21:44:07.179097
10229,Rashee Rice,KC,WR,10.5,,,,2025-11-17T21:44:07.179134
8137,George Pickens,DAL,WR,10.1,,,,2025-11-17T21:44:07.179172
7526,Jaylen Waddle,MIA,WR,10.1,,,,2025-11-17T21:44:07.179210
7569,Nico Collins,HOU,WR,9.8,,,,2025-11-17T21:44:07.179248
5859,A.J. Brown,PHI,WR,9.8,,,,2025-11-17T21:44:07.179285
11635,Ladd McConkey,LAC,WR,9.5,,,,2025-11-17T21:44:07.179323
5846,DK Metcalf,PIT,WR,9.5,,,,2025-11-17T21:44:07.179361
7525,DeVonta Smith,PHI,WR,9.2,,,,2025-11-17T21:44:07.179399
11620,Rome Odunze,CHI,WR,9.1,,,,2025-11-17T21:44:07.179441
2449,Stefon Diggs,NE,WR,9.1,,,,2025-11-17T21:44:07.179479
9997,Zay Flowers,BAL,WR,8.9,,,,2025-11-17T21:44:07.179518
6801,Tee Higgins,CIN,WR,8.8,,,,2025-11-17T21:44:07.179557
8148,Jameson Williams,DET,WR,8.5,,,,2025-11-17T21:44:07.179595
5872,Deebo Samuel,WAS,WR,8.4,,,,2025-11-17T21:44:07.179632
9754,Quentin Johnston,LAC,WR,8.4,,,,2025-11-17T21:44:07.179674
12526,Tetairoa McMillan,CAR,WR,7.9,,,,2025-11-17T21:44:07.179713
8126,Wan'Dale Robinson,NYG,WR,7.8,,,,2025-11-17T21:44:07.179751
5045,Courtland Sutton,DEN,WR,7.8,,,,2025-11-17T21:44:07.179793
8121,Romeo Doubs,GB,WR,7.7,,,,2025-11-17T21:44:07.179831
7049,Jauan Jennings,SF,WR,7.7,,,,2025-11-17T21:44:07.179868
9756,Jordan Addison,MIN,WR,7.7,,,,2025-11-17T21:44:07.179906
8134,Khalil Shakir,BUF,WR,7.6,,,,2025-11-17T21:44:07.179944
9487,Parker Washington,JAX,WR,7.3,,,,2025-11-17T21:44:07.179985
10213,Tre Tucker,LV,WR,7.3,,,,2025-11-17T21:44:07.180023
11638,Ricky Pearsall,SF,WR,6.9,,,,2025-11-17T21:44:07.180064
1479,Keenan Allen,LAC,WR,6.8,,,,2025-11-17T21:44:07.180102
11627,Troy Franklin,DEN,WR,6.7,,,,2025-11-17T21:44:07.180141
8167,Christian Watson,GB,WR,6.7,,,,2025-11-17T21:44:07.180178
11624,Xavier Worthy,KC,WR,6.6,,,,2025-11-17T21:44:07.180216
4177,Mack Hollins,NE,WR,6.6,,,,2025-11-17T21:44:07.180255
4961,DJ Moore,,CB,6.4,,,,2025-11-17T21:44:07.180293
4983,DJ Moore,CHI,WR,6.4,,,,2025-11-17T21:44:07.180293
12485,Tez Johnson,TB,WR,6.3,,,,2025-11-17T21:44:07.180331
10232,Michael Wilson,ARI,WR,6.2,,,,2025-11-17T21:44:07.180369
8125,Calvin Austin,PIT,WR,6.2,,,,2025-11-17T21:44:07.180410
8676,Rashid Shaheed,SEA,WR,6.0,,,,2025-11-17T21:44:07.180448
4981,Calvin Ridley,TEN,WR,6.0,Out,,,2025-11-17T21:44:07.180486
5947,Jakobi Meyers,JAX,WR,5.9,,,,2025-11-17T21:44:07.180525
4039,Cooper Kupp,SEA,WR,5.9,,,,2025-11-17T21:44:07.180564
11610,Malik Washington,MIA,WR,5.7,,,,2025-11-17T21:44:07.180602
6783,Jerry Jeudy,CLE,WR,5.5,,,,2025-11-17T21:44:07.180640
7090,Darnell Mooney,ATL,WR,5.1,Questionable,,,2025-11-17T21:44:07.180678
12499,Elic Ayomanor,TEN,WR,5.1,Questionable,,,2025-11-17T21:44:07.180717
5970,Greg Dortch,ARI,WR,5.0,,,,2025-11-17T21:44:07.180754
9501,DeMario Douglas,NE,WR,4.7,,,,2025-11-17T21:44:07.180793
8180,Jalen Nailor,MIN,WR,4.6,,,,2025-11-17T21:44:07.180846
7670,Joshua Palmer,BUF,WR,4.6,,,,2025-11-17T21:44:07.180886
4950,Christian Kirk,HOU,WR,4.5,,,,2025-11-17T21:44:07.180925
12540,Chimere Dike,TEN,WR,4.3,Out,,,2025-11-17T21:44:07.180964
1426,DeAndre Hopkins,BAL,WR,4.3,,,,2025-11-17T21:44:07.181002
12484,Jayden Higgins,HOU,WR,4.2,,,,2025-11-17T21:44:07.181039
9494,Marvin Mims,DEN,WR,4.1,,,,2025-11-17T21:44:07.181077
9486,Dontayvion Wicks,GB,WR,4.1,,,,2025-11-17T21:44:07.181115
6271,Olamide Zaccheaus,CHI,WR,4.0,,,,2025-11-17T21:44:07.181163
2374,Tyler Lockett,LV,WR,4.0,,,,2025-11-17T21:44:07.181218
5848,Marquise Brown,KC,WR,3.9,,,,2025-11-17T21:44:07.181282
12641,Jaylin Lane,WAS,WR,3.8,Questionable,,,2025-11-17T21:44:07.181348
10444,Cedric Tillman,CLE,WR,3.8,,,,2025-11-17T21:44:07.181406
7496,Nick Westbrook-Ikhine,MIA,WR,3.7,,,,2025-11-17T21:44:07.181459
3200,Sterling Shepard,TB,WR,3.7,,,,2025-11-17T21:44:07.181521
4454,Kendrick Bourne,SF,WR,3.7,,,,2025-11-17T21:44:07.181590
11646,Jalen Coker,CAR,WR,3.7,,,,2025-11-17T21:44:07.181654
11626,Xavier Legette,CAR,WR,3.6,Questionable,,,2025-11-17T21:44:07.181714
12501,Matthew Golden,GB,WR,3.6,,,,2025-11-17T21:44:07.181780
7587,Dyami Brown,JAX,WR,3.6,,,,2025-11-17T21:44:07.181850
10226,Andrei Iosivas,CIN,WR,3.6,,,,2025-11-17T21:44:07.181909
3269,Chris Moore,WAS,WR,3.6,,,,2025-11-17T21:44:07.181961
8548,Chris Moore,,DB,3.6,,,,2025-11-17T21:44:07.181961
4082,Curtis Samuel,BUF,WR,3.5,,,,2025-11-17T21:44:07.182018
3634,Kalif Raymond,DET,WR,3.5,Questionable,,,2025-11-17T21:44:07.182080
6699,Gunner Olszewski,NYG,WR,3.3,,,,2025-11-17T21:44:07.182124
3423,Robbie Chosen,WAS,WR,3.3,,,,2025-11-17T21:44:07.182161
11630,Roman Wilson,PIT,WR,3.2,,,,2025-11-17T21:44:07.182198
8550,Tyler Johnson,,DE,3.2,,,,2025-11-17T21:44:07.182236
6960,Tyler Johnson,NYJ,WR,3.2,,,,2025-11-17T21:44:07.182236
12519,Luther Burden,CHI,WR,3.2,,,,2025-11-17T21:44:07.182277
8917,KaVontae Turpin,DAL,WR,3.2,,,,2025-11-17T21:44:07.182314
12541,Dont'e Thornton,LV,WR,3.0,,,,2025-11-17T21:44:07.182350
4351,Tim Patrick,JAX,WR,3.0,,,,2025-11-17T21:44:07.182387
10218,Xavier Hutchinson,HOU,WR,2.8,,,,2025-11-17T21:44:07.182425
6943,Gabe Davis,BUF,WR,2.8,,,,2025-11-17T21:44:07.182461
12539,Arian Smith,NYJ,WR,2.7,,,,2025-11-17T21:44:07.182498
12492,Pat Bryant,DEN,WR,2.6,,,,2025-11-17T21:44:07.182535
7437,Kyle Williams,,WR,2.6,,,,2025-11-17T21:44:07.182572
94,Kyle Williams,,DT,2.6,,,,2025-11-17T21:44:07.182572
12547,Kyle Williams,NE,WR,2.6,,,,2025-11-17T21:44:07.182572
638,Kyle Williams,,WR,2.6,,,,2025-11-17T21:44:07.182572
11623,Jordan Whittington,LAR,WR,2.5,,,,2025-11-17T21:44:07.182609
6920,Isaiah Hodgins,NYG,WR,2.5,,,,2025-11-17T21:44:07.182646
9497,Jalin Hyatt,NYG,WR,2.5,,,,2025-11-17T21:44:07.182682
11608,Isaiah Williams,NYJ,WR,2.4,,,,2025-11-17T21:44:07.182721
3931,Isaiah Williams,,OL,2.4,,,,2025-11-17T21:44:07.182721
5185,Allen Lazard,NYJ,WR,2.4,,,,2025-11-17T21:44:07.182763
8886,Tre Webb,,DB,2.3,,,,2025-11-17T21:44:07.182800
11921,Xavier Weaver,ARI,WR,2.3,,,,2025-11-17T21:44:07.182845
7595,Tylan Wallace,BAL,WR,2.3,,,,2025-11-17T21:44:07.182882
11377,Tyrell Shavers,BUF,WR,2.3,,,,2025-11-17T21:44:07.182919
12483,Jack Bech,LV,WR,2.2,,,,2025-11-17T21:44:07.182956
12536,Jaylin Noel,HOU,WR,2.2,,,,2025-11-17T21:44:07.182993
7746,Austin Trammell,JAX,WR,2.0,,,,2025-11-17T21:44:07.183035
12523,Jimmy Horn,CAR,WR,2.0,,,,2025-11-17T21:44:07.183071
12503,Isaiah Bond,CLE,WR,1.9,,,,2025-11-17T21:44:07.183109
11629,Devontez Walker,BAL,WR,1.9,,,,2025-11-17T21:44:07.183146
6853,Van Jefferson,TEN,WR,1.9,,,,2025-11-17T21:44:07.183183
11625,Adonai Mitchell,NYJ,WR,1.8,,,,2025-11-17T21:44:07.183220
8119,Jahan Dotson,PHI,WR,1.8,,,,2025-11-17T21:44:07.183257
6154,David Sills,ATL,WR,1.8,,,,2025-11-17T21:44:07.183294
5096,Ray-Ray McCloud,NYG,WR,1.8,,,,2025-11-17T21:44:07.183334
11994,Kameron Johnson,TB,WR,1.8,,,,2025-11-17T21:44:07.183371
12535,Isaac TeSlaa,DET,WR,1.7,,,,2025-11-17T21:44:07.183409
8117,Jalen Tolbert,DAL,WR,1.6,,,,2025-11-17T21:44:07.183446
4040,JuJu Smith-Schuster,KC,WR,1.6,,,,2025-11-17T21:44:07.183482
11783,Ryan Flournoy,DAL,WR,1.5,,,,2025-11-17T21:44:07.183519
3286,Demarcus Robinson,SF,WR,1.5,,,,2025-11-17T21:44:07.183557
8147,John Metchie,NYJ,WR,1.5,,,,2025-11-17T21:44:07.183599
8188,Tyquan Thornton,KC,WR,1.5,,,,2025-11-17T21:44:07.183637
12482,Savion Williams,GB,WR,1.4,,,,2025-11-17T21:44:07.183675
1689,Adam Thielen,MIN,WR,1.4,,,,2025-11-17T21:44:07.183712
5113,Cedrick Wilson,MIA,WR,1.4,,,,2025-11-17T21:44:07.183753
12718,Konata Mumpfield,LAR,WR,1.2,,,,2025-11-17T21:44:07.183790
8204,Bo Melton,GB,WR,1.2,,,,2025-11-17T21:44:07.183827
6290,Scotty Miller,PIT,WR,1.1,,,,2025-11-17T21:44:07.183865
11168,Xavier Smith,LAR,WR,1.1,Questionable,,,2025-11-17T21:44:07.183902
7233,Andre Baccellia,ARI,WR,1.0,,,,2025-11-17T21:44:07.183940
11806,Casey Washington,ATL,WR,1.0,,,,2025-11-17T21:44:07.183980
11617,Malachi Corley,CLE,WR,0.8,,,,2025-11-17T21:44:07.184017
11421,Ryan Miller,TB,WR,0.8,,,,2025-11-17T21:44:07.184058
5938,Lil'Jordan Humphrey,DEN,WR,0.8,,,,2025-11-17T21:44:07.184098
5917,Mecole Hardman,BUF,WR,0.7,Questionable,,,2025-11-17T21:44:07.184136
10234,Derius Davis,LAC,WR,0.6,,,,2025-11-17T21:44:07.184173
7039,Cody White,SEA,WR,0.6,,,,2025-11-17T21:44:07.184210
11157,Brycen Tremayne,CAR,WR,0.3,,,,2025-11-17T21:44:07.184247
11821,Tahj Washington,MIA,WR,0.3,,,,2025-11-17T21:44:07.184283
8168,Skyy Moore,SF,WR,0.2,,,,2025-11-17T21:44:07.184320
6386,Alex Bachman,LV,WR,0.2,,,,2025-11-17T21:44:07.184357
13101,Gage Larvadain,CLE,WR,0.2,,,,2025-11-17T21:44:07.184394
5773,KhaDarel Hodge,ATL,WR,0.2,,,,2025-11-17T21:44:07.184431
12699,LaJohntay Wester,BAL,WR,0.1,,,,2025-11-17T21:44:07.184468
10228,Charlie Jones,CIN,WR,0.1,,,,2025-11-17T21:44:07.184510
7757,Ben Skowronek,PIT,WR,0.1,,,,2025-11-17T21:44:07.184548
11306,Xavier Gipson,PHI,WR,0.0,,,,2025-11-17T21:44:07.184585
6847,Devin Duvernay,CHI,WR,0.0,,,,2025-11-17T21:44:07.184623
12496,Tai Felton,MIN,WR,0.0,,,,2025-11-17T21:44:07.184660
8146,Garrett Wilson,NYJ,WR,0.0,IR,,,2025-11-17T21:44:07.184697
2216,Mike Evans,TB,WR,0.0,IR,,,2025-11-17T21:44:07.184734
10222,Jayden Reed,GB,WR,0.0,IR,,,2025-11-17T21:44:07.184771
6803,Brandon Aiyuk,SF,WR,0.0,PUP,,,2025-11-17T21:44:07.184807
4171,Josh Reynolds,NYJ,WR,0.0,IR,,,2025-11-17T21:44:07.184852
7869,David Moore,,G,0.0,,,,2025-11-17T21:44:07.184889
4274,David Moore,CAR,WR,0.0,IR,,,2025-11-17T21:44:07.184889
11618,Jalen McMillan,TB,WR,0.0,IR,,,2025-11-17T21:44:07.184926
4080,Zay Jones,ARI,WR,0.0,IR,,,2025-11-17T21:44:07.184963
12542,Efton Chism,NE,WR,0.0,,,,2025-11-17T21:44:07.185000
4198,Jamal Agnew,ATL,WR,0.0,,,,2025-11-17T21:44:07.185037
2750,DeAndre Carter,CLE,WR,0.0,IR,,,2025-11-17T21:44:07.185074
5374,Justin Watson,HOU,WR,0.0,IR,,,2025-11-17T21:44:07.185111
12889,Beaux Collins,NYG,WR,0.0,IR,,,2025-11-17T21:44:07.185152
11320,Nikko Remigio,KC,WR,0.0,,,,2025-11-17T21:44:07.185190
8527,Dareke Young,SEA,WR,0.0,IR,,,2025-11-17T21:44:07.185232
12877,Brandon Johnson,PHI,DB,0.0,,,,2025-11-17T21:44:07.185268
3901,Brandon Johnson,,RB,0.0,,,,2025-11-17T21:44:07.185268
8756,Brandon Johnson,TB,WR,0.0,,,,2025-11-17T21:44:07.185268
10225,Jonathan Mingo,DAL,WR,0.0,,,,2025-11-17T21:44:07.185306
11311,Jason Brownlee,KC,WR,0.0,,,,2025-11-17T21:44:07.185343
11616,Jacob Cowing,SF,WR,0.0,IR,,,2025-11-17T21:44:07.185380
12114,Joshua Cephus,JAX,WR,0.0,IR,,,2025-11-17T21:44:07.185417
5086,Marquez Valdes-Scantling,PIT,WR,0.0,,,,2025-11-17T21:44:07.185454
7559,Ihmir Smith-Marsette,NYG,WR,0.0,,,,2025-11-17T21:44:07.185492
7812,Simi Fehoko,ARI,WR,0.0,IR,,,2025-11-17T21:44:07.185530
8076,Michael Bandy,DEN,WR,0.0,,,,2025-11-17T21:44:07.185567
7436,Mason Kinsey,TEN,WR,0.0,,,,2025-11-17T21:44:07.185603
8176,Danny Gray,PHI,WR,0.0,,,,2025-11-17T21:44:07.185639
8202,Michael Woods,GB,WR,0.0,,,,2025-11-17T21:44:07.185676
8013,Tim Jones,JAX,WR,0.0,,,,2025-11-17T21:44:07.185713
8414,Britain Covey,PHI,WR,0.0,,,,2025-11-17T21:44:07.185751
9489,Justin Shorter,LV,WR,0.0,,,,2025-11-17T21:44:07.185789
9490,Tyler Scott,LAR,WR,0.0,,,,2025-11-17T21:44:07.185825
11034,Jalen Brooks,ARI,WR,0.0,,,,2025-11-17T21:44:07.185882
11615,Ainias Smith,CAR,WR,0.0,,,,2025-11-17T21:44:07.185920
11506,Jalen Cropper,DAL,WR,0.0,,,,2025-11-17T21:44:07.185957
11056,Jared Wayne,HOU,WR,0.0,,,,2025-11-17T21:44:07.185998
12475,Ricky White,SEA,WR,0.0,,,,2025-11-17T21:44:07.186035
12478,Nick Nash,ATL,WR,0.0,,,,2025-11-17T21:44:07.186075
13075,Myles Price,MIN,WR,0.0,,,,2025-11-17T21:44:07.186195
12971,Ke'Shawn Williams,PIT,WR,0.0,,,,2025-11-17T21:44:07.186247
13150,Darius Cooper,PHI,WR,0.0,,,,2025-11-17T21:44:07.186286
8130,Trey McBride,ARI,TE,11.1,,,,2025-11-17T21:44:09.164933
11604,Brock Bowers,LV,TE,10.1,,,,2025-11-17T21:44:09.165018
4217,George Kittle,SF,TE,8.7,,,,2025-11-17T21:44:09.165081
5022,Dallas Goedert,PHI,TE,7.0,,,,2025-11-17T21:44:09.165146
12493,Oronde Gadsden,LAC,TE,7.0,,,,2025-11-17T21:44:09.165217
3214,Hunter Henry,NE,TE,6.8,,,,2025-11-17T21:44:09.165277
1466,Travis Kelce,KC,TE,6.4,,,,2025-11-17T21:44:09.165335
8111,Cade Otton,TB,TE,6.3,,,,2025-11-17T21:44:09.165392
8110,Jake Ferguson,DAL,TE,6.1,,,,2025-11-17T21:44:09.165450
5012,Mark Andrews,BAL,TE,6.1,,,,2025-11-17T21:44:09.165507
7553,Kyle Pitts,ATL,TE,6.1,,,,2025-11-17T21:44:09.165580
1339,Zach Ertz,WAS,TE,6.1,,,,2025-11-17T21:44:09.165638
11597,Theo Johnson,NYG,TE,6.0,,,,2025-11-17T21:44:09.165695
5001,Dalton Schultz,HOU,TE,5.4,,,,2025-11-17T21:44:09.165752
12506,Harold Fannin,CLE,TE,5.4,,,,2025-11-17T21:44:09.165809
4033,David Njoku,CLE,TE,5.0,,,,2025-11-17T21:44:09.165873
12498,Mason Taylor,NYJ,TE,4.7,,,,2025-11-17T21:44:09.165933
12517,Colston Loveland,CHI,TE,4.7,,,,2025-11-17T21:44:09.165990
8131,Isaiah Likely,BAL,TE,4.6,,,,2025-11-17T21:44:09.166048
5844,T.J. Hockenson,MIN,TE,4.5,,,,2025-11-17T21:44:09.166104
11603,AJ Barner,SEA,TE,4.4,,,,2025-11-17T21:44:09.166162
7600,Pat Freiermuth,PIT,TE,4.4,,,,2025-11-17T21:44:09.166224
5906,Dawson Knox,BUF,TE,4.3,,,,2025-11-17T21:44:09.166280
9481,Luke Musgrave,GB,TE,4.3,,,,2025-11-17T21:44:09.166339
4144,Jonnu Smith,PIT,TE,4.3,,,,2025-11-17T21:44:09.166397
4066,Evan Engram,DEN,TE,4.1,,,,2025-11-17T21:44:09.166460
9482,Michael Mayer,LV,TE,4.0,,,,2025-11-17T21:44:09.166518
8210,Chig Okonkwo,TEN,TE,3.8,,,,2025-11-17T21:44:09.166575
8172,Greg Dulcich,MIA,TE,3.8,,,,2025-11-17T21:44:09.166631
5857,Noah Fant,CIN,TE,3.7,,,,2025-11-17T21:44:09.166688
3271,Tyler Higbee,LAR,TE,3.3,Questionable,,,2025-11-17T21:44:09.166744
11600,Ja'Tavion Sanders,CAR,TE,3.1,,,,2025-11-17T21:44:09.166801
9479,Darnell Washington,PIT,TE,3.1,,,,2025-11-17T21:44:09.166859
12521,Elijah Arroyo,SEA,TE,2.9,,,,2025-11-17T21:44:09.166916
7891,Brock Wright,DET,TE,2.9,,,,2025-11-17T21:44:09.166973
8225,Daniel Bellinger,NYG,TE,2.8,,,,2025-11-17T21:44:09.167032
10231,Elijah Higgins,ARI,TE,2.7,,,,2025-11-17T21:44:09.167088
4314,Johnny Mundt,JAX,TE,2.6,,,,2025-11-17T21:44:09.167146
12658,Jackson Hawes,BUF,TE,2.6,,,,2025-11-17T21:44:09.167210
12502,Gunnar Helm,TEN,TE,2.5,,,,2025-11-17T21:44:09.167268
12487,Terrance Ferguson,LAR,TE,2.4,,,,2025-11-17T21:44:09.167331
6826,Cole Kmet,CHI,TE,2.2,,,,2025-11-17T21:44:09.167389
11371,Julian Hill,MIA,TE,2.0,,,,2025-11-17T21:44:09.167448
8127,Charlie Kolar,BAL,TE,2.0,,,,2025-11-17T21:44:09.167506
5973,Josh Oliver,MIN,TE,1.9,,,,2025-11-17T21:44:09.167563
6869,Adam Trautman,DEN,TE,1.8,,,,2025-11-17T21:44:09.167622
5409,Tanner Hudson,CIN,TE,1.8,,,,2025-11-17T21:44:09.167684
10214,Davis Allen,LAR,TE,1.7,,,,2025-11-17T21:44:09.167741
6865,Colby Parkinson,LAR,TE,1.7,,,,2025-11-17T21:44:09.167798
7716,John Bates,WAS,TE,1.6,,,,2025-11-17T21:44:09.167855
8698,Jake Tonges,SF,TE,1.5,,,,2025-11-17T21:44:09.167916
7828,Noah Gray,KC,TE,1.4,,,,2025-11-17T21:44:09.167974
5285,Ross Dwelley,DET,TE,1.4,,,,2025-11-17T21:44:09.168032
7694,Tommy Tremble,CAR,TE,1.3,,,,2025-11-17T21:44:09.168089
8177,Grant Calcaterra,PHI,TE,1.3,,,,2025-11-17T21:44:09.168146
8500,John FitzPatrick,GB,TE,1.2,,,,2025-11-17T21:44:09.168204
10871,Luke Schoonmaker,DAL,TE,1.2,,,,2025-11-17T21:44:09.168261
8145,Jeremy Ruckert,NYJ,TE,1.2,,,,2025-11-17T21:44:09.168317
6001,Drew Sample,CIN,TE,1.2,,,,2025-11-17T21:44:09.168373
8181,Connor Heyward,PIT,TE,1.2,,,,2025-11-17T21:44:09.168430
11599,Cade Stover,HOU,TE,1.1,,,,2025-11-17T21:44:09.168491
111,Marcedes Lewis,DEN,TE,1.1,,,,2025-11-17T21:44:09.168548
8849,Tanner Conner,MIA,TE,1.0,,,,2025-11-17T21:44:09.168605
12473,Mitchell Evans,CAR,TE,1.0,,,,2025-11-17T21:44:09.168662
7536,Quintin Morris,JAX,TE,0.9,,,,2025-11-17T21:44:09.168720
5133,Tyler Conklin,LAC,TE,0.9,,,,2025-11-17T21:44:09.168783
10227,Payne Durham,TB,TE,0.8,,,,2025-11-17T21:44:09.168840
12045,Jack Westover,NE,TE,0.8,,,,2025-11-17T21:44:09.168897
7842,Luke Farrell,SF,TE,0.7,,,,2025-11-17T21:44:09.168954
4443,Pharaoh Brown,ARI,TE,0.7,,,,2025-11-17T21:44:09.169011
12656,Robbie Ouzts,SEA,RB,0.7,,,,2025-11-17T21:44:09.169067
12817,Jake Briningstool,KC,TE,0.7,IR,,,2025-11-17T21:44:09.169125
7602,Kylen Granson,PHI,TE,0.6,,,,2025-11-17T21:44:09.169182
7075,Charlie Woerner,ATL,TE,0.6,,,,2025-11-17T21:44:09.169247
3048,Chris Manhertz,NYG,TE,0.5,,,,2025-11-17T21:44:09.169305
10212,Josh Whyle,GB,TE,0.5,,,,2025-11-17T21:44:09.169362
11201,Blake Whiteheart,CLE,TE,0.4,,,,2025-11-17T21:44:09.169418
4995,Ian Thomas,LV,TE,0.4,,,,2025-11-17T21:44:09.169476
8227,Teagan Quitoriano,ATL,TE,0.4,,,,2025-11-17T21:44:09.169539
11593,Brevyn Spann-Ford,DAL,TE,0.4,,,,2025-11-17T21:44:09.169600
12700,Gavin Bartholomew,MIN,TE,0.3,PUP,,,2025-11-17T21:44:09.169657
13122,Carter Runyon,LV,TE,0.3,,,,2025-11-17T21:44:09.169715
11820,Devin Culp,TB,TE,0.3,,,,2025-11-17T21:44:09.169773
5008,Durham Smythe,CHI,TE,0.3,,,,2025-11-17T21:44:09.169830
12374,Brenden Bates,CLE,TE,0.3,,,,2025-11-17T21:44:09.169888
12715,Thomas Fidone,NYG,TE,0.3,,,,2025-11-17T21:44:09.169945
7050,Josiah Deguara,ARI,TE,0.3,,,,2025-11-17T21:44:09.170002
8885,Tucker Fisk,LAC,TE,0.2,,,,2025-11-17T21:44:09.170058
8583,Stone Smartt,NYJ,TE,0.2,,,,2025-11-17T21:44:09.170114
11280,Brady Russell,SEA,TE,0.0,,,,2025-11-17T21:44:09.170170
4993,Mike Gesicki,CIN,TE,0.0,IR,,,2025-11-17T21:44:09.170228
8249,Lucas Krull,DEN,TE,0.0,IR,,,2025-11-17T21:44:09.170285
11716,Tip Reiman,ARI,TE,0.0,IR,,,2025-11-17T21:44:09.170342
12357,David Martin-Robinson,TEN,TE,0.0,,,,2025-11-17T21:44:09.170401
4189,Eric Saubert,SEA,TE,0.0,IR,,,2025-11-17T21:44:09.170458
8041,Shane Zylstra,DET,TE,0.0,IR,,,2025-11-17T21:44:09.170513
8484,Ko Kieft,TB,TE,0.0,IR,,,2025-11-17T21:44:09.170570
11381,Travis Vokolek,ARI,TE,0.0,IR,,,2025-11-17T21:44:09.170626
4602,Robert Tonyan,KC,TE,0.0,,,,2025-11-17T21:44:09.170682
6451,Stephen Carlson,CHI,TE,0.0,,,,2025-11-17T21:44:09.170745
6843,Albert Okwuegbunam,LV,TE,0.0,,,,2025-11-17T21:44:09.170803
7943,Zach Davidson,NYG,TE,0.0,,,,2025-11-17T21:44:09.170860
10224,Brayden Willis,SF,TE,0.0,,,,2025-11-17T21:44:09.170916
11511,John Stephens,DAL,TE,0.0,IR,,,2025-11-17T21:44:09.170974
13121,Ben Yurosek,MIN,TE,0.0,,,,2025-11-17T21:44:09.171030
12389,Hayden Rucci,MIA,TE,0.0,,,,2025-11-17T21:44:09.171086
